--MEMBER

--행 1
INSERT INTO MEMBER (MEM_NO, MEM_ID, MEM_PWD, MEM_NAME, EMAIL, ENROLL_DATE, STATUS, MEM_CODE) VALUES (1,'admin','1234','관리자1',NULL,to_date('2020-05-14', 'RRRR-MM-DD'),'Y',1);
--행 2
INSERT INTO MEMBER (MEM_NO, MEM_ID, MEM_PWD, MEM_NAME, EMAIL, ENROLL_DATE, STATUS, MEM_CODE) VALUES (2,'admin2','1234','관리자2',NULL,to_date('2020-05-15', 'RRRR-MM-DD'),'Y',1);
--행 3
INSERT INTO MEMBER (MEM_NO, MEM_ID, MEM_PWD, MEM_NAME, EMAIL, ENROLL_DATE, STATUS, MEM_CODE) VALUES (3,'coadmin','1234','관리자3',NULL,to_date('2020-05-16', 'RRRR-MM-DD'),'Y',1);
--행 4
INSERT INTO MEMBER (MEM_NO, MEM_ID, MEM_PWD, MEM_NAME, EMAIL, ENROLL_DATE, STATUS, MEM_CODE) VALUES (4,'user01','pass01','홍길동','con1@gmail.com',to_date('2020-05-17', 'RRRR-MM-DD'),'Y',3);
--행 5
INSERT INTO MEMBER (MEM_NO, MEM_ID, MEM_PWD, MEM_NAME, EMAIL, ENROLL_DATE, STATUS, MEM_CODE) VALUES (5,'go5rae','dolphin1103','김망고','go5rae@gmail.com',to_date('2020-05-18', 'RRRR-MM-DD'),'Y',3);
--행 6
INSERT INTO MEMBER (MEM_NO, MEM_ID, MEM_PWD, MEM_NAME, EMAIL, ENROLL_DATE, STATUS, MEM_CODE) VALUES (6,'gi2rin','zoo501','채둘리','gi2rin@naver.com',to_date('2020-05-19', 'RRRR-MM-DD'),'Y',3);
--행 7
INSERT INTO MEMBER (MEM_NO, MEM_ID, MEM_PWD, MEM_NAME, EMAIL, ENROLL_DATE, STATUS, MEM_CODE) VALUES (7,'hyeon','wlgus','박단비','hyeon@gmail.com',to_date('2020-05-20', 'RRRR-MM-DD'),'Y',3);
--행 8
INSERT INTO MEMBER (MEM_NO, MEM_ID, MEM_PWD, MEM_NAME, EMAIL, ENROLL_DATE, STATUS, MEM_CODE) VALUES (8,'wlrma','silver','이지금','wlrma@gmail.com',to_date('2020-05-21', 'RRRR-MM-DD'),'Y',3);
--행 9
INSERT INTO MEMBER (MEM_NO, MEM_ID, MEM_PWD, MEM_NAME, EMAIL, ENROLL_DATE, STATUS, MEM_CODE) VALUES (9,'bewise','sun123','나현명','bewise@naver.com',to_date('2020-05-22', 'RRRR-MM-DD'),'Y',3);
--행 10
INSERT INTO MEMBER (MEM_NO, MEM_ID, MEM_PWD, MEM_NAME, EMAIL, ENROLL_DATE, STATUS, MEM_CODE) VALUES (10,'famous','star105','유명한','gi2rin@gmail.com',to_date('2020-05-23', 'RRRR-MM-DD'),'Y',3);
--행 11
INSERT INTO MEMBER (MEM_NO, MEM_ID, MEM_PWD, MEM_NAME, EMAIL, ENROLL_DATE, STATUS, MEM_CODE) VALUES (11,'happy','pwd1122','이주현','happy@naverl.com',to_date('2020-05-24', 'RRRR-MM-DD'),'Y',3);
--행 12
INSERT INTO MEMBER (MEM_NO, MEM_ID, MEM_PWD, MEM_NAME, EMAIL, ENROLL_DATE, STATUS, MEM_CODE) VALUES (12,'suzzy','miss0514','배수지','suzzy@gmail.com',to_date('2020-05-25', 'RRRR-MM-DD'),'Y',3);
--행 13
INSERT INTO MEMBER (MEM_NO, MEM_ID, MEM_PWD, MEM_NAME, EMAIL, ENROLL_DATE, STATUS, MEM_CODE) VALUES (13,'bareum','clean','정바름','bareum@daum.net',to_date('2020-05-26', 'RRRR-MM-DD'),'Y',3);
--행 14
INSERT INTO MEMBER (MEM_NO, MEM_ID, MEM_PWD, MEM_NAME, EMAIL, ENROLL_DATE, STATUS, MEM_CODE) VALUES (14,'jaehyeon','jjang123','정재현','hyeon@naver.com',to_date('2020-05-27', 'RRRR-MM-DD'),'Y',3);
--행 15
INSERT INTO MEMBER (MEM_NO, MEM_ID, MEM_PWD, MEM_NAME, EMAIL, ENROLL_DATE, STATUS, MEM_CODE) VALUES (15,'uyeon','na234','나유연','uyoen@daum.net',to_date('2020-05-28', 'RRRR-MM-DD'),'Y',3);
--행 16
INSERT INTO MEMBER (MEM_NO, MEM_ID, MEM_PWD, MEM_NAME, EMAIL, ENROLL_DATE, STATUS, MEM_CODE) VALUES (16,'shelter01','pass01','보호소1','shelter01@gmail.com',to_date('2020-05-29', 'RRRR-MM-DD'),'Y',2);
--행 17
INSERT INTO MEMBER (MEM_NO, MEM_ID, MEM_PWD, MEM_NAME, EMAIL, ENROLL_DATE, STATUS, MEM_CODE) VALUES (17,'dogshelter','dog123123','도그보호소','dogshelter@gmail.com',to_date('2020-05-30', 'RRRR-MM-DD'),'Y',2);
--행 18
INSERT INTO MEMBER (MEM_NO, MEM_ID, MEM_PWD, MEM_NAME, EMAIL, ENROLL_DATE, STATUS, MEM_CODE) VALUES (18,'maru12','maru12','마루보호소','maru12@gmail.com',to_date('2020-05-31', 'RRRR-MM-DD'),'Y',2);
--행 19
INSERT INTO MEMBER (MEM_NO, MEM_ID, MEM_PWD, MEM_NAME, EMAIL, ENROLL_DATE, STATUS, MEM_CODE) VALUES (19,'angel77','123123','천사센터','angel77@gmail.com',to_date('2020-06-01', 'RRRR-MM-DD'),'Y',2);
--행 20
INSERT INTO MEMBER (MEM_NO, MEM_ID, MEM_PWD, MEM_NAME, EMAIL, ENROLL_DATE, STATUS, MEM_CODE) VALUES (20,'gaonshelter','gaon11','가온보호소','gaonshelter@gmail.com',to_date('2020-06-02', 'RRRR-MM-DD'),'Y',2);
--행 21
INSERT INTO MEMBER (MEM_NO, MEM_ID, MEM_PWD, MEM_NAME, EMAIL, ENROLL_DATE, STATUS, MEM_CODE) VALUES (21,'bow_sh','bow12','멍멍보호소','bow_sh@gmail.com',to_date('2020-06-03', 'RRRR-MM-DD'),'Y',2);
--행 22
INSERT INTO MEMBER (MEM_NO, MEM_ID, MEM_PWD, MEM_NAME, EMAIL, ENROLL_DATE, STATUS, MEM_CODE) VALUES (22,'meow_sh','meow12','냥냥보호소','meow_sh@gmail.com',to_date('2020-06-04', 'RRRR-MM-DD'),'Y',2);
--행 23
INSERT INTO MEMBER (MEM_NO, MEM_ID, MEM_PWD, MEM_NAME, EMAIL, ENROLL_DATE, STATUS, MEM_CODE) VALUES (23,'help','119','도우미견센터','help@gmail.com',to_date('2020-06-05', 'RRRR-MM-DD'),'Y',2);
--행 24
INSERT INTO MEMBER (MEM_NO, MEM_ID, MEM_PWD, MEM_NAME, EMAIL, ENROLL_DATE, STATUS, MEM_CODE) VALUES (24,'animal1009','1009','애니멀센터','animal1009@gmail.com',to_date('2020-06-06', 'RRRR-MM-DD'),'Y',2);
--행 25
INSERT INTO MEMBER (MEM_NO, MEM_ID, MEM_PWD, MEM_NAME, EMAIL, ENROLL_DATE, STATUS, MEM_CODE) VALUES (25,'care_center','care8253','도그케어센터','care_center@gmail.com',to_date('2020-06-07', 'RRRR-MM-DD'),'Y',2);

--SHELTER
--행 1
INSERT INTO SHELTER (MEM_NO, SH_NAME, SH_PHONE, SH_ADDRESS, SH_ABOUT, ADMISSION, SH_LOCAL, REF_TYPE) VALUES (16,'보호소1','010-1111-1111','인천시 계양구 ','소개내용1','N','인천','SHELTER');
--행 2
INSERT INTO SHELTER (MEM_NO, SH_NAME, SH_PHONE, SH_ADDRESS, SH_ABOUT, ADMISSION, SH_LOCAL, REF_TYPE) VALUES (17,'도그보호소','010-1111-1112','서울시 강북구','소개내용2','N','서울','SHELTER');
--행 3
INSERT INTO SHELTER (MEM_NO, SH_NAME, SH_PHONE, SH_ADDRESS, SH_ABOUT, ADMISSION, SH_LOCAL, REF_TYPE) VALUES (18,'마루보호소','010-1111-1113','안산시 단원구','소개내용3','N','안산','SHELTER');
--행 4
INSERT INTO SHELTER (MEM_NO, SH_NAME, SH_PHONE, SH_ADDRESS, SH_ABOUT, ADMISSION, SH_LOCAL, REF_TYPE) VALUES (19,'천사센터','010-1111-1114','대구 수성구','소개내용4','N','대구','SHELTER');
--행 5
INSERT INTO SHELTER (MEM_NO, SH_NAME, SH_PHONE, SH_ADDRESS, SH_ABOUT, ADMISSION, SH_LOCAL, REF_TYPE) VALUES (20,'가온보호소','010-1111-1115','부산 남구','소개내용5','N','부산','SHELTER');
--행 6
INSERT INTO SHELTER (MEM_NO, SH_NAME, SH_PHONE, SH_ADDRESS, SH_ABOUT, ADMISSION, SH_LOCAL, REF_TYPE) VALUES (21,'멍멍보호소','010-1111-1116','제천 장평리','소개내용6','N','제천','SHELTER');
--행 7
INSERT INTO SHELTER (MEM_NO, SH_NAME, SH_PHONE, SH_ADDRESS, SH_ABOUT, ADMISSION, SH_LOCAL, REF_TYPE) VALUES (22,'냥냥보호소','010-1111-1117','여주시 강천면','소개내용7','N','여주','SHELTER');
--행 8
INSERT INTO SHELTER (MEM_NO, SH_NAME, SH_PHONE, SH_ADDRESS, SH_ABOUT, ADMISSION, SH_LOCAL, REF_TYPE) VALUES (23,'도우미견센터','010-1111-1118','창원시 마산구','소개내용8','N','창원','SHELTER');
--행 9
INSERT INTO SHELTER (MEM_NO, SH_NAME, SH_PHONE, SH_ADDRESS, SH_ABOUT, ADMISSION, SH_LOCAL, REF_TYPE) VALUES (24,'애니멀센터','010-1111-1119','시흥시 연성동','소개내용9','N','시흥','SHELTER');
--행 10
INSERT INTO SHELTER (MEM_NO, SH_NAME, SH_PHONE, SH_ADDRESS, SH_ABOUT, ADMISSION, SH_LOCAL, REF_TYPE) VALUES (25,'도그케어센터','010-1111-1120','파주시 파주읍','소개내용10','N','파주','SHELTER');

--NOTICE

--행 1
INSERT INTO NOTICE (NOTICE_NO, NOTICE_MEM, NOTICE_TITLE, NOTICE_CONTENT, NOTICE_DATE) VALUES (1,1,'코니멀 공지사항 글제목1','코니멀 공지사항 글내용1',to_date('2021-01-15', 'RRRR-MM-DD'));
--행 2
INSERT INTO NOTICE (NOTICE_NO, NOTICE_MEM, NOTICE_TITLE, NOTICE_CONTENT, NOTICE_DATE) VALUES (2,2,'코니멀 공지사항 글제목2','코니멀 공지사항 글내용2',to_date('2021-01-16', 'RRRR-MM-DD'));
--행 3
INSERT INTO NOTICE (NOTICE_NO, NOTICE_MEM, NOTICE_TITLE, NOTICE_CONTENT, NOTICE_DATE) VALUES (3,3,'코니멀 공지사항 글제목3','코니멀 공지사항 글내용3',to_date('2021-01-17', 'RRRR-MM-DD'));
--행 4
INSERT INTO NOTICE (NOTICE_NO, NOTICE_MEM, NOTICE_TITLE, NOTICE_CONTENT, NOTICE_DATE) VALUES (4,1,'코니멀 공지사항 글제목4','코니멀 공지사항 글내용4',to_date('2021-01-18', 'RRRR-MM-DD'));
--행 5
INSERT INTO NOTICE (NOTICE_NO, NOTICE_MEM, NOTICE_TITLE, NOTICE_CONTENT, NOTICE_DATE) VALUES (5,1,'코니멀 공지사항 글제목5','코니멀 공지사항 글내용5',to_date('2021-01-19', 'RRRR-MM-DD'));
--행 6
INSERT INTO NOTICE (NOTICE_NO, NOTICE_MEM, NOTICE_TITLE, NOTICE_CONTENT, NOTICE_DATE) VALUES (6,2,'코니멀 공지사항 글제목6','코니멀 공지사항 글내용6',to_date('2021-01-20', 'RRRR-MM-DD'));
--행 7
INSERT INTO NOTICE (NOTICE_NO, NOTICE_MEM, NOTICE_TITLE, NOTICE_CONTENT, NOTICE_DATE) VALUES (7,1,'코니멀 공지사항 글제목7','코니멀 공지사항 글내용7',to_date('2021-01-21', 'RRRR-MM-DD'));
--행 8
INSERT INTO NOTICE (NOTICE_NO, NOTICE_MEM, NOTICE_TITLE, NOTICE_CONTENT, NOTICE_DATE) VALUES (8,2,'코니멀 공지사항 글제목8','코니멀 공지사항 글내용8',to_date('2021-01-22', 'RRRR-MM-DD'));
--행 9
INSERT INTO NOTICE (NOTICE_NO, NOTICE_MEM, NOTICE_TITLE, NOTICE_CONTENT, NOTICE_DATE) VALUES (9,3,'코니멀 공지사항 글제목9','코니멀 공지사항 글내용9',to_date('2021-01-23', 'RRRR-MM-DD'));
--행 10
INSERT INTO NOTICE (NOTICE_NO, NOTICE_MEM, NOTICE_TITLE, NOTICE_CONTENT, NOTICE_DATE) VALUES (10,3,'코니멀 공지사항 글제목10','코니멀 공지사항 글내용10',to_date('2021-01-24', 'RRRR-MM-DD'));
--행 11
INSERT INTO NOTICE (NOTICE_NO, NOTICE_MEM, NOTICE_TITLE, NOTICE_CONTENT, NOTICE_DATE) VALUES (11,2,'코니멀 공지사항 글제목11','코니멀 공지사항 글내용11',to_date('2021-01-25', 'RRRR-MM-DD'));
--행 12
INSERT INTO NOTICE (NOTICE_NO, NOTICE_MEM, NOTICE_TITLE, NOTICE_CONTENT, NOTICE_DATE) VALUES (12,3,'코니멀 공지사항 글제목12','코니멀 공지사항 글내용12',to_date('2021-01-26', 'RRRR-MM-DD'));
--행 13
INSERT INTO NOTICE (NOTICE_NO, NOTICE_MEM, NOTICE_TITLE, NOTICE_CONTENT, NOTICE_DATE) VALUES (13,2,'코니멀 공지사항 글제목13','코니멀 공지사항 글내용13',to_date('2021-01-27', 'RRRR-MM-DD'));
--행 14
INSERT INTO NOTICE (NOTICE_NO, NOTICE_MEM, NOTICE_TITLE, NOTICE_CONTENT, NOTICE_DATE) VALUES (14,1,'코니멀 공지사항 글제목14','코니멀 공지사항 글내용14',to_date('2021-01-28', 'RRRR-MM-DD'));
--행 15
INSERT INTO NOTICE (NOTICE_NO, NOTICE_MEM, NOTICE_TITLE, NOTICE_CONTENT, NOTICE_DATE) VALUES (15,1,'코니멀 공지사항 글제목15','코니멀 공지사항 글내용15',to_date('2021-01-29', 'RRRR-MM-DD'));
--행 16
INSERT INTO NOTICE (NOTICE_NO, NOTICE_MEM, NOTICE_TITLE, NOTICE_CONTENT, NOTICE_DATE) VALUES (16,3,'코니멀 공지사항 글제목16','코니멀 공지사항 글내용16',to_date('2021-01-30', 'RRRR-MM-DD'));
--행 17
INSERT INTO NOTICE (NOTICE_NO, NOTICE_MEM, NOTICE_TITLE, NOTICE_CONTENT, NOTICE_DATE) VALUES (17,2,'코니멀 공지사항 글제목17','코니멀 공지사항 글내용17',to_date('2021-01-31', 'RRRR-MM-DD'));
--행 18
INSERT INTO NOTICE (NOTICE_NO, NOTICE_MEM, NOTICE_TITLE, NOTICE_CONTENT, NOTICE_DATE) VALUES (18,2,'코니멀 공지사항 글제목18','코니멀 공지사항 글내용18',to_date('2021-02-01', 'RRRR-MM-DD'));
--행 19
INSERT INTO NOTICE (NOTICE_NO, NOTICE_MEM, NOTICE_TITLE, NOTICE_CONTENT, NOTICE_DATE) VALUES (19,1,'코니멀 공지사항 글제목19','코니멀 공지사항 글내용19',to_date('2021-02-02', 'RRRR-MM-DD'));
--행 20
INSERT INTO NOTICE (NOTICE_NO, NOTICE_MEM, NOTICE_TITLE, NOTICE_CONTENT, NOTICE_DATE) VALUES (20,3,'코니멀 공지사항 글제목20','코니멀 공지사항 글내용20',to_date('2021-02-03', 'RRRR-MM-DD'));
--행 21
INSERT INTO NOTICE (NOTICE_NO, NOTICE_MEM, NOTICE_TITLE, NOTICE_CONTENT, NOTICE_DATE) VALUES (21,1,'코니멀 공지사항 글제목21','코니멀 공지사항 글내용21',to_date('2021-02-04', 'RRRR-MM-DD'));
--행 22
INSERT INTO NOTICE (NOTICE_NO, NOTICE_MEM, NOTICE_TITLE, NOTICE_CONTENT, NOTICE_DATE) VALUES (22,3,'코니멀 공지사항 글제목22','코니멀 공지사항 글내용22',to_date('2021-02-05', 'RRRR-MM-DD'));
--행 23
INSERT INTO NOTICE (NOTICE_NO, NOTICE_MEM, NOTICE_TITLE, NOTICE_CONTENT, NOTICE_DATE) VALUES (23,3,'코니멀 공지사항 글제목23','코니멀 공지사항 글내용23',to_date('2021-02-06', 'RRRR-MM-DD'));
--행 24
INSERT INTO NOTICE (NOTICE_NO, NOTICE_MEM, NOTICE_TITLE, NOTICE_CONTENT, NOTICE_DATE) VALUES (24,1,'코니멀 공지사항 글제목24','코니멀 공지사항 글내용24',to_date('2021-02-07', 'RRRR-MM-DD'));
--행 25
INSERT INTO NOTICE (NOTICE_NO, NOTICE_MEM, NOTICE_TITLE, NOTICE_CONTENT, NOTICE_DATE) VALUES (25,1,'코니멀 공지사항 글제목25','코니멀 공지사항 글내용25',to_date('2021-02-08', 'RRRR-MM-DD'));
--행 26
INSERT INTO NOTICE (NOTICE_NO, NOTICE_MEM, NOTICE_TITLE, NOTICE_CONTENT, NOTICE_DATE) VALUES (26,2,'코니멀 공지사항 글제목26','코니멀 공지사항 글내용26',to_date('2021-02-09', 'RRRR-MM-DD'));
--행 27
INSERT INTO NOTICE (NOTICE_NO, NOTICE_MEM, NOTICE_TITLE, NOTICE_CONTENT, NOTICE_DATE) VALUES (27,1,'코니멀 공지사항 글제목27','코니멀 공지사항 글내용27',to_date('2021-02-10', 'RRRR-MM-DD'));
--행 28
INSERT INTO NOTICE (NOTICE_NO, NOTICE_MEM, NOTICE_TITLE, NOTICE_CONTENT, NOTICE_DATE) VALUES (28,2,'코니멀 공지사항 글제목28','코니멀 공지사항 글내용28',to_date('2021-02-11', 'RRRR-MM-DD'));
--행 29
INSERT INTO NOTICE (NOTICE_NO, NOTICE_MEM, NOTICE_TITLE, NOTICE_CONTENT, NOTICE_DATE) VALUES (29,1,'코니멀 공지사항 글제목29','코니멀 공지사항 글내용29',to_date('2021-02-12', 'RRRR-MM-DD'));

--DONATION
--행 1
INSERT INTO DONATION (DO_NO, DO_TITLE, DO_CONTENT, DO_WRITEDATE, MEM_NO) VALUES (1,'후원 모집글1','후원글 내용1',to_date('2021-01-15', 'RRRR-MM-DD'),16);
--행 2
INSERT INTO DONATION (DO_NO, DO_TITLE, DO_CONTENT, DO_WRITEDATE, MEM_NO) VALUES (2,'후원 모집글2','후원글 내용2',to_date('2021-01-16', 'RRRR-MM-DD'),17);
--행 3
INSERT INTO DONATION (DO_NO, DO_TITLE, DO_CONTENT, DO_WRITEDATE, MEM_NO) VALUES (3,'후원 모집글3','후원글 내용3',to_date('2021-01-17', 'RRRR-MM-DD'),18);
--행 4
INSERT INTO DONATION (DO_NO, DO_TITLE, DO_CONTENT, DO_WRITEDATE, MEM_NO) VALUES (4,'후원 모집글4','후원글 내용4',to_date('2021-01-18', 'RRRR-MM-DD'),19);
--행 5
INSERT INTO DONATION (DO_NO, DO_TITLE, DO_CONTENT, DO_WRITEDATE, MEM_NO) VALUES (5,'후원 모집글5','후원글 내용5',to_date('2021-01-19', 'RRRR-MM-DD'),20);
--행 6
INSERT INTO DONATION (DO_NO, DO_TITLE, DO_CONTENT, DO_WRITEDATE, MEM_NO) VALUES (6,'후원 모집글6','후원글 내용6',to_date('2021-01-20', 'RRRR-MM-DD'),21);
--행 7
INSERT INTO DONATION (DO_NO, DO_TITLE, DO_CONTENT, DO_WRITEDATE, MEM_NO) VALUES (7,'후원 모집글7','후원글 내용7',to_date('2021-01-21', 'RRRR-MM-DD'),22);
--행 8
INSERT INTO DONATION (DO_NO, DO_TITLE, DO_CONTENT, DO_WRITEDATE, MEM_NO) VALUES (8,'후원 모집글8','후원글 내용8',to_date('2021-01-22', 'RRRR-MM-DD'),23);
--행 9
INSERT INTO DONATION (DO_NO, DO_TITLE, DO_CONTENT, DO_WRITEDATE, MEM_NO) VALUES (9,'후원 모집글9','후원글 내용9',to_date('2021-01-23', 'RRRR-MM-DD'),24);
--행 10
INSERT INTO DONATION (DO_NO, DO_TITLE, DO_CONTENT, DO_WRITEDATE, MEM_NO) VALUES (10,'후원 모집글10','후원글 내용10',to_date('2021-01-24', 'RRRR-MM-DD'),25);
--행 11
INSERT INTO DONATION (DO_NO, DO_TITLE, DO_CONTENT, DO_WRITEDATE, MEM_NO) VALUES (11,'후원 모집글11','후원글 내용11',to_date('2021-01-25', 'RRRR-MM-DD'),16);
--행 12
INSERT INTO DONATION (DO_NO, DO_TITLE, DO_CONTENT, DO_WRITEDATE, MEM_NO) VALUES (12,'후원 모집글12','후원글 내용12',to_date('2021-01-26', 'RRRR-MM-DD'),17);
--행 13
INSERT INTO DONATION (DO_NO, DO_TITLE, DO_CONTENT, DO_WRITEDATE, MEM_NO) VALUES (13,'후원 모집글13','후원글 내용13',to_date('2021-01-27', 'RRRR-MM-DD'),18);
--행 14
INSERT INTO DONATION (DO_NO, DO_TITLE, DO_CONTENT, DO_WRITEDATE, MEM_NO) VALUES (14,'후원 모집글14','후원글 내용14',to_date('2021-01-28', 'RRRR-MM-DD'),19);
--행 15
INSERT INTO DONATION (DO_NO, DO_TITLE, DO_CONTENT, DO_WRITEDATE, MEM_NO) VALUES (15,'후원 모집글15','후원글 내용15',to_date('2021-01-29', 'RRRR-MM-DD'),20);
--행 16
INSERT INTO DONATION (DO_NO, DO_TITLE, DO_CONTENT, DO_WRITEDATE, MEM_NO) VALUES (16,'후원 모집글16','후원글 내용16',to_date('2021-01-30', 'RRRR-MM-DD'),21);
--행 17
INSERT INTO DONATION (DO_NO, DO_TITLE, DO_CONTENT, DO_WRITEDATE, MEM_NO) VALUES (17,'후원 모집글17','후원글 내용17',to_date('2021-01-31', 'RRRR-MM-DD'),22);
--행 18
INSERT INTO DONATION (DO_NO, DO_TITLE, DO_CONTENT, DO_WRITEDATE, MEM_NO) VALUES (18,'후원 모집글18','후원글 내용18',to_date('2021-02-01', 'RRRR-MM-DD'),23);
--행 19
INSERT INTO DONATION (DO_NO, DO_TITLE, DO_CONTENT, DO_WRITEDATE, MEM_NO) VALUES (19,'후원 모집글19','후원글 내용19',to_date('2021-02-02', 'RRRR-MM-DD'),24);
--행 20
INSERT INTO DONATION (DO_NO, DO_TITLE, DO_CONTENT, DO_WRITEDATE, MEM_NO) VALUES (20,'후원 모집글20','후원글 내용20',to_date('2021-02-03', 'RRRR-MM-DD'),25);
--행 21
INSERT INTO DONATION (DO_NO, DO_TITLE, DO_CONTENT, DO_WRITEDATE, MEM_NO) VALUES (21,'후원 모집글21','후원글 내용21',to_date('2021-02-04', 'RRRR-MM-DD'),16);
--행 22
INSERT INTO DONATION (DO_NO, DO_TITLE, DO_CONTENT, DO_WRITEDATE, MEM_NO) VALUES (22,'후원 모집글22','후원글 내용22',to_date('2021-02-05', 'RRRR-MM-DD'),17);
--행 23
INSERT INTO DONATION (DO_NO, DO_TITLE, DO_CONTENT, DO_WRITEDATE, MEM_NO) VALUES (23,'후원 모집글23','후원글 내용23',to_date('2021-02-06', 'RRRR-MM-DD'),18);
--행 24
INSERT INTO DONATION (DO_NO, DO_TITLE, DO_CONTENT, DO_WRITEDATE, MEM_NO) VALUES (24,'후원 모집글24','후원글 내용24',to_date('2021-02-07', 'RRRR-MM-DD'),19);
--행 25
INSERT INTO DONATION (DO_NO, DO_TITLE, DO_CONTENT, DO_WRITEDATE, MEM_NO) VALUES (25,'후원 모집글25','후원글 내용25',to_date('2021-02-08', 'RRRR-MM-DD'),20);
--행 26
INSERT INTO DONATION (DO_NO, DO_TITLE, DO_CONTENT, DO_WRITEDATE, MEM_NO) VALUES (26,'후원 모집글26','후원글 내용26',to_date('2021-02-09', 'RRRR-MM-DD'),21);
--행 27
INSERT INTO DONATION (DO_NO, DO_TITLE, DO_CONTENT, DO_WRITEDATE, MEM_NO) VALUES (27,'후원 모집글27','후원글 내용27',to_date('2021-02-10', 'RRRR-MM-DD'),22);
--행 28
INSERT INTO DONATION (DO_NO, DO_TITLE, DO_CONTENT, DO_WRITEDATE, MEM_NO) VALUES (28,'후원 모집글28','후원글 내용28',to_date('2021-02-11', 'RRRR-MM-DD'),23);
--행 29
INSERT INTO DONATION (DO_NO, DO_TITLE, DO_CONTENT, DO_WRITEDATE, MEM_NO) VALUES (29,'후원 모집글29','후원글 내용29',to_date('2021-02-12', 'RRRR-MM-DD'),24);
--행 30
INSERT INTO DONATION (DO_NO, DO_TITLE, DO_CONTENT, DO_WRITEDATE, MEM_NO) VALUES (30,'후원 모집글30','후원글 내용30',to_date('2021-02-13', 'RRRR-MM-DD'),25);

--C_POST
--행 1
INSERT INTO C_POST (CPOST_NO, CUSER_ID, CUSER_NAME, CPOST_TITLE, CPOST_COUNT, CPOST_CONTENT, CPOST_DATE, REF_TYPE) VALUES (1,12,'배수지','제목1',12,'게시판내용1',to_date('2021-05-14', 'RRRR-MM-DD'),'POST');
--행 2
INSERT INTO C_POST (CPOST_NO, CUSER_ID, CUSER_NAME, CPOST_TITLE, CPOST_COUNT, CPOST_CONTENT, CPOST_DATE, REF_TYPE) VALUES (2,5,'김망고','제목2',32,'게시판내용2',to_date('2021-05-15', 'RRRR-MM-DD'),'POST');
--행 3
INSERT INTO C_POST (CPOST_NO, CUSER_ID, CUSER_NAME, CPOST_TITLE, CPOST_COUNT, CPOST_CONTENT, CPOST_DATE, REF_TYPE) VALUES (3,7,'박단비','제목3',31,'게시판내용3',to_date('2021-05-16', 'RRRR-MM-DD'),'POST');
--행 4
INSERT INTO C_POST (CPOST_NO, CUSER_ID, CUSER_NAME, CPOST_TITLE, CPOST_COUNT, CPOST_CONTENT, CPOST_DATE, REF_TYPE) VALUES (4,8,'이지금','제목4',43,'게시판내용4',to_date('2021-05-17', 'RRRR-MM-DD'),'POST');
--행 5
INSERT INTO C_POST (CPOST_NO, CUSER_ID, CUSER_NAME, CPOST_TITLE, CPOST_COUNT, CPOST_CONTENT, CPOST_DATE, REF_TYPE) VALUES (5,9,'나현명','제목5',14,'게시판내용5',to_date('2021-05-18', 'RRRR-MM-DD'),'POST');
--행 6
INSERT INTO C_POST (CPOST_NO, CUSER_ID, CUSER_NAME, CPOST_TITLE, CPOST_COUNT, CPOST_CONTENT, CPOST_DATE, REF_TYPE) VALUES (6,19,'천사센터','제목6',43,'게시판내용6',to_date('2021-05-19', 'RRRR-MM-DD'),'POST');
--행 7
INSERT INTO C_POST (CPOST_NO, CUSER_ID, CUSER_NAME, CPOST_TITLE, CPOST_COUNT, CPOST_CONTENT, CPOST_DATE, REF_TYPE) VALUES (7,22,'냥냥보호소','제목7',76,'게시판내용7',to_date('2021-05-20', 'RRRR-MM-DD'),'POST');
--행 8
INSERT INTO C_POST (CPOST_NO, CUSER_ID, CUSER_NAME, CPOST_TITLE, CPOST_COUNT, CPOST_CONTENT, CPOST_DATE, REF_TYPE) VALUES (8,11,'이주현','제목8',332,'게시판내용8',to_date('2021-05-21', 'RRRR-MM-DD'),'POST');
--행 9
INSERT INTO C_POST (CPOST_NO, CUSER_ID, CUSER_NAME, CPOST_TITLE, CPOST_COUNT, CPOST_CONTENT, CPOST_DATE, REF_TYPE) VALUES (9,13,'정바름','제목9',34,'게시판내용9',to_date('2021-05-22', 'RRRR-MM-DD'),'POST');
--행 10
INSERT INTO C_POST (CPOST_NO, CUSER_ID, CUSER_NAME, CPOST_TITLE, CPOST_COUNT, CPOST_CONTENT, CPOST_DATE, REF_TYPE) VALUES (10,15,'나유연','제목10',3,'게시판내용10',to_date('2021-05-23', 'RRRR-MM-DD'),'POST');
--행 11
INSERT INTO C_POST (CPOST_NO, CUSER_ID, CUSER_NAME, CPOST_TITLE, CPOST_COUNT, CPOST_CONTENT, CPOST_DATE, REF_TYPE) VALUES (11,18,'마루보호소','제목11',2,'게시판내용11',to_date('2021-05-24', 'RRRR-MM-DD'),'POST');
--행 12
INSERT INTO C_POST (CPOST_NO, CUSER_ID, CUSER_NAME, CPOST_TITLE, CPOST_COUNT, CPOST_CONTENT, CPOST_DATE, REF_TYPE) VALUES (12,23,'도우미견센터','제목12',43,'게시판내용12',to_date('2021-05-25', 'RRRR-MM-DD'),'POST');
--행 13
INSERT INTO C_POST (CPOST_NO, CUSER_ID, CUSER_NAME, CPOST_TITLE, CPOST_COUNT, CPOST_CONTENT, CPOST_DATE, REF_TYPE) VALUES (13,24,'애니멀센터','제목13',53,'게시판내용13',to_date('2021-05-26', 'RRRR-MM-DD'),'POST');
--행 14
INSERT INTO C_POST (CPOST_NO, CUSER_ID, CUSER_NAME, CPOST_TITLE, CPOST_COUNT, CPOST_CONTENT, CPOST_DATE, REF_TYPE) VALUES (14,6,'채둘리','제목14',124,'게시판내용14',to_date('2021-05-27', 'RRRR-MM-DD'),'POST');
--행 15
INSERT INTO C_POST (CPOST_NO, CUSER_ID, CUSER_NAME, CPOST_TITLE, CPOST_COUNT, CPOST_CONTENT, CPOST_DATE, REF_TYPE) VALUES (15,25,'도그케어센터','제목15',34,'게시판내용15',to_date('2021-05-28', 'RRRR-MM-DD'),'POST');
--행 16
INSERT INTO C_POST (CPOST_NO, CUSER_ID, CUSER_NAME, CPOST_TITLE, CPOST_COUNT, CPOST_CONTENT, CPOST_DATE, REF_TYPE) VALUES (16,6,'채둘리','제목16',234,'게시판내용16',to_date('2021-05-29', 'RRRR-MM-DD'),'POST');
--행 17
INSERT INTO C_POST (CPOST_NO, CUSER_ID, CUSER_NAME, CPOST_TITLE, CPOST_COUNT, CPOST_CONTENT, CPOST_DATE, REF_TYPE) VALUES (17,4,'홍길동','제목17',54,'게시판내용17',to_date('2021-05-30', 'RRRR-MM-DD'),'POST');
--행 18
INSERT INTO C_POST (CPOST_NO, CUSER_ID, CUSER_NAME, CPOST_TITLE, CPOST_COUNT, CPOST_CONTENT, CPOST_DATE, REF_TYPE) VALUES (18,16,'보호소1','제목18',25,'게시판내용18',to_date('2021-05-31', 'RRRR-MM-DD'),'POST');
--행 19
INSERT INTO C_POST (CPOST_NO, CUSER_ID, CUSER_NAME, CPOST_TITLE, CPOST_COUNT, CPOST_CONTENT, CPOST_DATE, REF_TYPE) VALUES (19,6,'채둘리','제목19',14,'게시판내용19',to_date('2021-06-01', 'RRRR-MM-DD'),'POST');
--행 20
INSERT INTO C_POST (CPOST_NO, CUSER_ID, CUSER_NAME, CPOST_TITLE, CPOST_COUNT, CPOST_CONTENT, CPOST_DATE, REF_TYPE) VALUES (20,5,'김망고','제목20',13,'게시판내용20',to_date('2021-06-02', 'RRRR-MM-DD'),'POST');
--행 21
INSERT INTO C_POST (CPOST_NO, CUSER_ID, CUSER_NAME, CPOST_TITLE, CPOST_COUNT, CPOST_CONTENT, CPOST_DATE, REF_TYPE) VALUES (21,7,'박단비','제목21',51,'게시판내용21',to_date('2021-06-03', 'RRRR-MM-DD'),'POST');
--행 22
INSERT INTO C_POST (CPOST_NO, CUSER_ID, CUSER_NAME, CPOST_TITLE, CPOST_COUNT, CPOST_CONTENT, CPOST_DATE, REF_TYPE) VALUES (22,9,'나현명','제목22',105,'게시판내용22',to_date('2021-06-04', 'RRRR-MM-DD'),'POST');
--행 23
INSERT INTO C_POST (CPOST_NO, CUSER_ID, CUSER_NAME, CPOST_TITLE, CPOST_COUNT, CPOST_CONTENT, CPOST_DATE, REF_TYPE) VALUES (23,22,'냥냥보호소','제목23',13,'게시판내용23',to_date('2021-06-05', 'RRRR-MM-DD'),'POST');
--행 24
INSERT INTO C_POST (CPOST_NO, CUSER_ID, CUSER_NAME, CPOST_TITLE, CPOST_COUNT, CPOST_CONTENT, CPOST_DATE, REF_TYPE) VALUES (24,8,'이지금','제목24',98,'게시판내용24',to_date('2021-06-06', 'RRRR-MM-DD'),'POST');
--행 25
INSERT INTO C_POST (CPOST_NO, CUSER_ID, CUSER_NAME, CPOST_TITLE, CPOST_COUNT, CPOST_CONTENT, CPOST_DATE, REF_TYPE) VALUES (25,24,'애니멀센터','제목25',32,'게시판내용25',to_date('2021-06-07', 'RRRR-MM-DD'),'POST');

--INTRODUCE
--행 1
INSERT INTO INTRODUCE (INTRO_NO, INTRO_CONTENT, INTRO_TITLE, REF_TYPE) VALUES (1,'소개 내용','사이트 소개','INTRODUCE');

--MAINPAGE
--행 1
INSERT INTO MAINPAGE (MEM_NO, REF_TYPE, MAIN_NO, MAIN_CONTENT) VALUES (1,'MAINPAGE',1,'사진첨부목록1');
--행 2
INSERT INTO MAINPAGE (MEM_NO, REF_TYPE, MAIN_NO, MAIN_CONTENT) VALUES (1,'MAINPAGE',2,'사진첨부목록2');
--행 3
INSERT INTO MAINPAGE (MEM_NO, REF_TYPE, MAIN_NO, MAIN_CONTENT) VALUES (1,'MAINPAGE',3,'사진첨부목록3');
--행 4
INSERT INTO MAINPAGE (MEM_NO, REF_TYPE, MAIN_NO, MAIN_CONTENT) VALUES (1,'MAINPAGE',4,'사진첨부목록4');

--REPLY
--행 1
INSERT INTO REPLY (RE_NO, CPOST_NO, MEM_NO, CUSER_NAME, WRITTEN_DATE, REPLY_CONTENT) VALUES (1,4,5,'김망고',to_date('2021-05-17', 'RRRR-MM-DD'),'댓글1');
--행 2
INSERT INTO REPLY (RE_NO, CPOST_NO, MEM_NO, CUSER_NAME, WRITTEN_DATE, REPLY_CONTENT) VALUES (2,4,7,'박단비',to_date('2021-05-17', 'RRRR-MM-DD'),'댓글2당');
--행 3
INSERT INTO REPLY (RE_NO, CPOST_NO, MEM_NO, CUSER_NAME, WRITTEN_DATE, REPLY_CONTENT) VALUES (3,4,13,'정바름',to_date('2021-05-17', 'RRRR-MM-DD'),'댓글3이당');
--행 4
INSERT INTO REPLY (RE_NO, CPOST_NO, MEM_NO, CUSER_NAME, WRITTEN_DATE, REPLY_CONTENT) VALUES (4,8,6,'채둘리',to_date('2021-05-21', 'RRRR-MM-DD'),'댓글4당');
--행 5
INSERT INTO REPLY (RE_NO, CPOST_NO, MEM_NO, CUSER_NAME, WRITTEN_DATE, REPLY_CONTENT) VALUES (5,8,5,'김망고',to_date('2021-05-22', 'RRRR-MM-DD'),'댓글5');
--행 6
INSERT INTO REPLY (RE_NO, CPOST_NO, MEM_NO, CUSER_NAME, WRITTEN_DATE, REPLY_CONTENT) VALUES (6,8,9,'나현명',to_date('2021-05-23', 'RRRR-MM-DD'),'댓글6');
--행 7
INSERT INTO REPLY (RE_NO, CPOST_NO, MEM_NO, CUSER_NAME, WRITTEN_DATE, REPLY_CONTENT) VALUES (7,8,12,'배수지',to_date('2021-05-24', 'RRRR-MM-DD'),'댓글7');
--행 8
INSERT INTO REPLY (RE_NO, CPOST_NO, MEM_NO, CUSER_NAME, WRITTEN_DATE, REPLY_CONTENT) VALUES (8,8,8,'이지금',to_date('2021-05-25', 'RRRR-MM-DD'),'댓글8');
--행 9
INSERT INTO REPLY (RE_NO, CPOST_NO, MEM_NO, CUSER_NAME, WRITTEN_DATE, REPLY_CONTENT) VALUES (9,14,12,'배수지',to_date('2021-05-27', 'RRRR-MM-DD'),'댓글9');
--행 10
INSERT INTO REPLY (RE_NO, CPOST_NO, MEM_NO, CUSER_NAME, WRITTEN_DATE, REPLY_CONTENT) VALUES (10,14,4,'홍길동',to_date('2021-05-28', 'RRRR-MM-DD'),'댓글10');
--행 11
INSERT INTO REPLY (RE_NO, CPOST_NO, MEM_NO, CUSER_NAME, WRITTEN_DATE, REPLY_CONTENT) VALUES (11,16,8,'이지금',to_date('2021-05-30', 'RRRR-MM-DD'),'댓글11');
--행 12
INSERT INTO REPLY (RE_NO, CPOST_NO, MEM_NO, CUSER_NAME, WRITTEN_DATE, REPLY_CONTENT) VALUES (12,16,5,'김망고',to_date('2021-05-31', 'RRRR-MM-DD'),'댓글12');
--행 13
INSERT INTO REPLY (RE_NO, CPOST_NO, MEM_NO, CUSER_NAME, WRITTEN_DATE, REPLY_CONTENT) VALUES (13,16,13,'정바름',to_date('2021-06-01', 'RRRR-MM-DD'),'댓글13');
--행 14
INSERT INTO REPLY (RE_NO, CPOST_NO, MEM_NO, CUSER_NAME, WRITTEN_DATE, REPLY_CONTENT) VALUES (14,16,10,'유명한',to_date('2021-06-02', 'RRRR-MM-DD'),'댓글14');
--행 15
INSERT INTO REPLY (RE_NO, CPOST_NO, MEM_NO, CUSER_NAME, WRITTEN_DATE, REPLY_CONTENT) VALUES (15,16,14,'정재현',to_date('2021-06-03', 'RRRR-MM-DD'),'댓글15');
--행 16
INSERT INTO REPLY (RE_NO, CPOST_NO, MEM_NO, CUSER_NAME, WRITTEN_DATE, REPLY_CONTENT) VALUES (16,16,15,'나유연',to_date('2021-06-04', 'RRRR-MM-DD'),'댓글16');
--행 17
INSERT INTO REPLY (RE_NO, CPOST_NO, MEM_NO, CUSER_NAME, WRITTEN_DATE, REPLY_CONTENT) VALUES (17,22,15,'나유연',to_date('2021-06-05', 'RRRR-MM-DD'),'댓글17');
--행 18
INSERT INTO REPLY (RE_NO, CPOST_NO, MEM_NO, CUSER_NAME, WRITTEN_DATE, REPLY_CONTENT) VALUES (18,22,5,'김망고',to_date('2021-06-06', 'RRRR-MM-DD'),'댓글18');
--행 19
INSERT INTO REPLY (RE_NO, CPOST_NO, MEM_NO, CUSER_NAME, WRITTEN_DATE, REPLY_CONTENT) VALUES (19,22,6,'채둘리',to_date('2021-06-07', 'RRRR-MM-DD'),'댓글19');
--행 20
INSERT INTO REPLY (RE_NO, CPOST_NO, MEM_NO, CUSER_NAME, WRITTEN_DATE, REPLY_CONTENT) VALUES (20,22,11,'이주현',to_date('2021-06-08', 'RRRR-MM-DD'),'댓글20');
--행 21
INSERT INTO REPLY (RE_NO, CPOST_NO, MEM_NO, CUSER_NAME, WRITTEN_DATE, REPLY_CONTENT) VALUES (21,22,4,'홍길동',to_date('2021-06-09', 'RRRR-MM-DD'),'댓글21');
--행 22
INSERT INTO REPLY (RE_NO, CPOST_NO, MEM_NO, CUSER_NAME, WRITTEN_DATE, REPLY_CONTENT) VALUES (22,22,12,'배수지',to_date('2021-06-10', 'RRRR-MM-DD'),'댓글22');
--행 23
INSERT INTO REPLY (RE_NO, CPOST_NO, MEM_NO, CUSER_NAME, WRITTEN_DATE, REPLY_CONTENT) VALUES (23,25,5,'김망고',to_date('2021-06-07', 'RRRR-MM-DD'),'댓글23');
--행 24
INSERT INTO REPLY (RE_NO, CPOST_NO, MEM_NO, CUSER_NAME, WRITTEN_DATE, REPLY_CONTENT) VALUES (24,25,6,'채둘리',to_date('2021-06-08', 'RRRR-MM-DD'),'댓글24');

--REPORT_REASON
--행 1
INSERT INTO REPORT_REASON (REPORT_NO, REPORT_REASON) VALUES (1,'신고내용1');
--행 2
INSERT INTO REPORT_REASON (REPORT_NO, REPORT_REASON) VALUES (2,'신고내용2');
--행 3
INSERT INTO REPORT_REASON (REPORT_NO, REPORT_REASON) VALUES (3,'신고내용3');

--ANIMAL
--행 1
INSERT INTO ANIMAL (AN_NO, AN_TITLE, AN_PLACE, AN_DATE, AN_SPECIES, AN_GENDER, AN_WRITEDATE, AN_CONTENT, MEM_NO, REF_TYPE) VALUES (1,'보호중인동물 글제목1','인천시 계양구 ','2021-01-16','강아지','암컷',to_date('2021-01-20', 'RRRR-MM-DD'),'보호중인동물 글내용1',16,'ANIMAL');
--행 2
INSERT INTO ANIMAL (AN_NO, AN_TITLE, AN_PLACE, AN_DATE, AN_SPECIES, AN_GENDER, AN_WRITEDATE, AN_CONTENT, MEM_NO, REF_TYPE) VALUES (2,'보호중인동물 글제목2','인천시 계양구 ','2021-01-17','강아지','암컷',to_date('2021-01-21', 'RRRR-MM-DD'),'보호중인동물 글내용2',17,'ANIMAL');
--행 3
INSERT INTO ANIMAL (AN_NO, AN_TITLE, AN_PLACE, AN_DATE, AN_SPECIES, AN_GENDER, AN_WRITEDATE, AN_CONTENT, MEM_NO, REF_TYPE) VALUES (3,'보호중인동물 글제목3','대구 수성구','2021-01-18','강아지','암컷',to_date('2021-01-22', 'RRRR-MM-DD'),'보호중인동물 글내용3',18,'ANIMAL');
--행 4
INSERT INTO ANIMAL (AN_NO, AN_TITLE, AN_PLACE, AN_DATE, AN_SPECIES, AN_GENDER, AN_WRITEDATE, AN_CONTENT, MEM_NO, REF_TYPE) VALUES (4,'보호중인동물 글제목4','인천시 계양구 ','2021-01-19','강아지','암컷',to_date('2021-01-23', 'RRRR-MM-DD'),'보호중인동물 글내용4',19,'ANIMAL');
--행 5
INSERT INTO ANIMAL (AN_NO, AN_TITLE, AN_PLACE, AN_DATE, AN_SPECIES, AN_GENDER, AN_WRITEDATE, AN_CONTENT, MEM_NO, REF_TYPE) VALUES (5,'보호중인동물 글제목5','서울시 강북구','2021-01-20','고양이','암컷',to_date('2021-01-24', 'RRRR-MM-DD'),'보호중인동물 글내용5',20,'ANIMAL');
--행 6
INSERT INTO ANIMAL (AN_NO, AN_TITLE, AN_PLACE, AN_DATE, AN_SPECIES, AN_GENDER, AN_WRITEDATE, AN_CONTENT, MEM_NO, REF_TYPE) VALUES (6,'보호중인동물 글제목6','인천시 계양구 ','2021-01-21','고양이','수컷',to_date('2021-01-25', 'RRRR-MM-DD'),'보호중인동물 글내용6',21,'ANIMAL');
--행 7
INSERT INTO ANIMAL (AN_NO, AN_TITLE, AN_PLACE, AN_DATE, AN_SPECIES, AN_GENDER, AN_WRITEDATE, AN_CONTENT, MEM_NO, REF_TYPE) VALUES (7,'보호중인동물 글제목7','인천시 계양구 ','2021-01-22','고양이','수컷',to_date('2021-01-26', 'RRRR-MM-DD'),'보호중인동물 글내용7',22,'ANIMAL');
--행 8
INSERT INTO ANIMAL (AN_NO, AN_TITLE, AN_PLACE, AN_DATE, AN_SPECIES, AN_GENDER, AN_WRITEDATE, AN_CONTENT, MEM_NO, REF_TYPE) VALUES (8,'보호중인동물 글제목8','부산 남구','2021-01-23','강아지','수컷',to_date('2021-01-27', 'RRRR-MM-DD'),'보호중인동물 글내용8',23,'ANIMAL');
--행 9
INSERT INTO ANIMAL (AN_NO, AN_TITLE, AN_PLACE, AN_DATE, AN_SPECIES, AN_GENDER, AN_WRITEDATE, AN_CONTENT, MEM_NO, REF_TYPE) VALUES (9,'보호중인동물 글제목9','부산 남구','2021-01-24','강아지','수컷',to_date('2021-01-28', 'RRRR-MM-DD'),'보호중인동물 글내용9',24,'ANIMAL');
--행 10
INSERT INTO ANIMAL (AN_NO, AN_TITLE, AN_PLACE, AN_DATE, AN_SPECIES, AN_GENDER, AN_WRITEDATE, AN_CONTENT, MEM_NO, REF_TYPE) VALUES (10,'보호중인동물 글제목10','부산 남구','2021-01-25','강아지','수컷',to_date('2021-01-29', 'RRRR-MM-DD'),'보호중인동물 글내용10',25,'ANIMAL');
--행 11
INSERT INTO ANIMAL (AN_NO, AN_TITLE, AN_PLACE, AN_DATE, AN_SPECIES, AN_GENDER, AN_WRITEDATE, AN_CONTENT, MEM_NO, REF_TYPE) VALUES (11,'보호중인동물 글제목11','부산 남구','2021-01-26','강아지','암컷',to_date('2021-01-30', 'RRRR-MM-DD'),'보호중인동물 글내용11',16,'ANIMAL');
--행 12
INSERT INTO ANIMAL (AN_NO, AN_TITLE, AN_PLACE, AN_DATE, AN_SPECIES, AN_GENDER, AN_WRITEDATE, AN_CONTENT, MEM_NO, REF_TYPE) VALUES (12,'보호중인동물 글제목12','대구 수성구','2021-01-27','강아지','암컷',to_date('2021-01-31', 'RRRR-MM-DD'),'보호중인동물 글내용12',17,'ANIMAL');
--행 13
INSERT INTO ANIMAL (AN_NO, AN_TITLE, AN_PLACE, AN_DATE, AN_SPECIES, AN_GENDER, AN_WRITEDATE, AN_CONTENT, MEM_NO, REF_TYPE) VALUES (13,'보호중인동물 글제목13','대구 수성구','2021-01-28','강아지','암컷',to_date('2021-02-01', 'RRRR-MM-DD'),'보호중인동물 글내용13',18,'ANIMAL');
--행 14
INSERT INTO ANIMAL (AN_NO, AN_TITLE, AN_PLACE, AN_DATE, AN_SPECIES, AN_GENDER, AN_WRITEDATE, AN_CONTENT, MEM_NO, REF_TYPE) VALUES (14,'보호중인동물 글제목14','서울시 강북구','2021-01-29','강아지','암컷',to_date('2021-02-02', 'RRRR-MM-DD'),'보호중인동물 글내용14',19,'ANIMAL');
--행 15
INSERT INTO ANIMAL (AN_NO, AN_TITLE, AN_PLACE, AN_DATE, AN_SPECIES, AN_GENDER, AN_WRITEDATE, AN_CONTENT, MEM_NO, REF_TYPE) VALUES (15,'보호중인동물 글제목15','서울시 강북구','2021-01-30','강아지','암컷',to_date('2021-02-03', 'RRRR-MM-DD'),'보호중인동물 글내용15',20,'ANIMAL');
--행 16
INSERT INTO ANIMAL (AN_NO, AN_TITLE, AN_PLACE, AN_DATE, AN_SPECIES, AN_GENDER, AN_WRITEDATE, AN_CONTENT, MEM_NO, REF_TYPE) VALUES (16,'보호중인동물 글제목16','서울시 강북구','2021-01-31','강아지','암컷',to_date('2021-02-04', 'RRRR-MM-DD'),'보호중인동물 글내용16',21,'ANIMAL');
--행 17
INSERT INTO ANIMAL (AN_NO, AN_TITLE, AN_PLACE, AN_DATE, AN_SPECIES, AN_GENDER, AN_WRITEDATE, AN_CONTENT, MEM_NO, REF_TYPE) VALUES (17,'보호중인동물 글제목17','성남시 수정구','2021-02-01','강아지','모르겠음',to_date('2021-02-05', 'RRRR-MM-DD'),'보호중인동물 글내용17',22,'ANIMAL');
--행 18
INSERT INTO ANIMAL (AN_NO, AN_TITLE, AN_PLACE, AN_DATE, AN_SPECIES, AN_GENDER, AN_WRITEDATE, AN_CONTENT, MEM_NO, REF_TYPE) VALUES (18,'보호중인동물 글제목18','성남시 수정구','2021-02-02','고양이','모르겠음',to_date('2021-02-06', 'RRRR-MM-DD'),'보호중인동물 글내용18',23,'ANIMAL');
--행 19
INSERT INTO ANIMAL (AN_NO, AN_TITLE, AN_PLACE, AN_DATE, AN_SPECIES, AN_GENDER, AN_WRITEDATE, AN_CONTENT, MEM_NO, REF_TYPE) VALUES (19,'보호중인동물 글제목19','성남시 수정구','2021-02-03','고양이','모르겠음',to_date('2021-02-07', 'RRRR-MM-DD'),'보호중인동물 글내용19',24,'ANIMAL');
--행 20
INSERT INTO ANIMAL (AN_NO, AN_TITLE, AN_PLACE, AN_DATE, AN_SPECIES, AN_GENDER, AN_WRITEDATE, AN_CONTENT, MEM_NO, REF_TYPE) VALUES (20,'보호중인동물 글제목20','성남시 수정구','2021-02-04','고양이','모르겠음',to_date('2021-02-08', 'RRRR-MM-DD'),'보호중인동물 글내용20',25,'ANIMAL');
--행 21
INSERT INTO ANIMAL (AN_NO, AN_TITLE, AN_PLACE, AN_DATE, AN_SPECIES, AN_GENDER, AN_WRITEDATE, AN_CONTENT, MEM_NO, REF_TYPE) VALUES (21,'보호중인동물 글제목21','시흥시 연성동','2021-02-05','고양이','모르겠음',to_date('2021-02-09', 'RRRR-MM-DD'),'보호중인동물 글내용21',16,'ANIMAL');
--행 22
INSERT INTO ANIMAL (AN_NO, AN_TITLE, AN_PLACE, AN_DATE, AN_SPECIES, AN_GENDER, AN_WRITEDATE, AN_CONTENT, MEM_NO, REF_TYPE) VALUES (22,'보호중인동물 글제목22','성남시 중원구','2021-02-06','고양이','모르겠음',to_date('2021-02-10', 'RRRR-MM-DD'),'보호중인동물 글내용22',17,'ANIMAL');
--행 23
INSERT INTO ANIMAL (AN_NO, AN_TITLE, AN_PLACE, AN_DATE, AN_SPECIES, AN_GENDER, AN_WRITEDATE, AN_CONTENT, MEM_NO, REF_TYPE) VALUES (23,'보호중인동물 글제목23','안산시 단원구','2021-02-07','고양이','모르겠음',to_date('2021-02-11', 'RRRR-MM-DD'),'보호중인동물 글내용23',18,'ANIMAL');
--행 24
INSERT INTO ANIMAL (AN_NO, AN_TITLE, AN_PLACE, AN_DATE, AN_SPECIES, AN_GENDER, AN_WRITEDATE, AN_CONTENT, MEM_NO, REF_TYPE) VALUES (24,'보호중인동물 글제목24','안산시 단원구','2021-02-08','고양이','모르겠음',to_date('2021-02-12', 'RRRR-MM-DD'),'보호중인동물 글내용24',19,'ANIMAL');
--행 25
INSERT INTO ANIMAL (AN_NO, AN_TITLE, AN_PLACE, AN_DATE, AN_SPECIES, AN_GENDER, AN_WRITEDATE, AN_CONTENT, MEM_NO, REF_TYPE) VALUES (25,'보호중인동물 글제목25','안산시 단원구','2021-02-09','고양이','모르겠음',to_date('2021-02-13', 'RRRR-MM-DD'),'보호중인동물 글내용25',20,'ANIMAL');
--행 26
INSERT INTO ANIMAL (AN_NO, AN_TITLE, AN_PLACE, AN_DATE, AN_SPECIES, AN_GENDER, AN_WRITEDATE, AN_CONTENT, MEM_NO, REF_TYPE) VALUES (26,'보호중인동물 글제목26','안산시 단원구','2021-02-10','강아지','모르겠음',to_date('2021-02-14', 'RRRR-MM-DD'),'보호중인동물 글내용26',21,'ANIMAL');
--행 27
INSERT INTO ANIMAL (AN_NO, AN_TITLE, AN_PLACE, AN_DATE, AN_SPECIES, AN_GENDER, AN_WRITEDATE, AN_CONTENT, MEM_NO, REF_TYPE) VALUES (27,'보호중인동물 글제목27','안산시 단원구','2021-02-11','강아지','모르겠음',to_date('2021-02-15', 'RRRR-MM-DD'),'보호중인동물 글내용27',22,'ANIMAL');
--행 28
INSERT INTO ANIMAL (AN_NO, AN_TITLE, AN_PLACE, AN_DATE, AN_SPECIES, AN_GENDER, AN_WRITEDATE, AN_CONTENT, MEM_NO, REF_TYPE) VALUES (28,'보호중인동물 글제목28','전주시 덕진구','2021-02-12','강아지','모르겠음',to_date('2021-02-16', 'RRRR-MM-DD'),'보호중인동물 글내용28',23,'ANIMAL');
--행 29
INSERT INTO ANIMAL (AN_NO, AN_TITLE, AN_PLACE, AN_DATE, AN_SPECIES, AN_GENDER, AN_WRITEDATE, AN_CONTENT, MEM_NO, REF_TYPE) VALUES (29,'보호중인동물 글제목29','인천시 서구','2021-02-13','강아지','모르겠음',to_date('2021-02-17', 'RRRR-MM-DD'),'보호중인동물 글내용29',24,'ANIMAL');

--volunteer
--행 1
INSERT INTO VOLUNTEER (VOL_NO, VOL_TITLE, SPERIOD, VOL_CONTENT, VOL_WRITEDATE, MEM_NO) VALUES (1,'자원봉사 모집글1','2021-02-02 ~ 2021-02-09','후원 글내용1',to_date('2021-02-03', 'RRRR-MM-DD'),16);
--행 2
INSERT INTO VOLUNTEER (VOL_NO, VOL_TITLE, SPERIOD, VOL_CONTENT, VOL_WRITEDATE, MEM_NO) VALUES (2,'자원봉사 모집글2','2021-02-02 ~ 2021-02-10','후원 글내용2',to_date('2021-02-04', 'RRRR-MM-DD'),17);
--행 3
INSERT INTO VOLUNTEER (VOL_NO, VOL_TITLE, SPERIOD, VOL_CONTENT, VOL_WRITEDATE, MEM_NO) VALUES (3,'자원봉사 모집글3','2021-02-02 ~ 2021-02-11','후원 글내용3',to_date('2021-02-05', 'RRRR-MM-DD'),18);
--행 4
INSERT INTO VOLUNTEER (VOL_NO, VOL_TITLE, SPERIOD, VOL_CONTENT, VOL_WRITEDATE, MEM_NO) VALUES (4,'자원봉사 모집글4','2021-02-02 ~ 2021-02-12','후원 글내용4',to_date('2021-02-06', 'RRRR-MM-DD'),19);
--행 5
INSERT INTO VOLUNTEER (VOL_NO, VOL_TITLE, SPERIOD, VOL_CONTENT, VOL_WRITEDATE, MEM_NO) VALUES (5,'자원봉사 모집글5','2021-02-02 ~ 2021-02-13','후원 글내용5',to_date('2021-02-07', 'RRRR-MM-DD'),20);
--행 6
INSERT INTO VOLUNTEER (VOL_NO, VOL_TITLE, SPERIOD, VOL_CONTENT, VOL_WRITEDATE, MEM_NO) VALUES (6,'자원봉사 모집글6','2021-02-02 ~ 2021-02-14','후원 글내용6',to_date('2021-02-08', 'RRRR-MM-DD'),21);
--행 7
INSERT INTO VOLUNTEER (VOL_NO, VOL_TITLE, SPERIOD, VOL_CONTENT, VOL_WRITEDATE, MEM_NO) VALUES (7,'자원봉사 모집글7','2021-02-02 ~ 2021-02-15','후원 글내용7',to_date('2021-02-09', 'RRRR-MM-DD'),22);
--행 8
INSERT INTO VOLUNTEER (VOL_NO, VOL_TITLE, SPERIOD, VOL_CONTENT, VOL_WRITEDATE, MEM_NO) VALUES (8,'자원봉사 모집글8','상시','후원 글내용8',to_date('2021-02-10', 'RRRR-MM-DD'),23);
--행 9
INSERT INTO VOLUNTEER (VOL_NO, VOL_TITLE, SPERIOD, VOL_CONTENT, VOL_WRITEDATE, MEM_NO) VALUES (9,'자원봉사 모집글9','상시','후원 글내용9',to_date('2021-02-11', 'RRRR-MM-DD'),24);
--행 10
INSERT INTO VOLUNTEER (VOL_NO, VOL_TITLE, SPERIOD, VOL_CONTENT, VOL_WRITEDATE, MEM_NO) VALUES (10,'자원봉사 모집글10','상시','후원 글내용10',to_date('2021-02-12', 'RRRR-MM-DD'),25);
--행 11
INSERT INTO VOLUNTEER (VOL_NO, VOL_TITLE, SPERIOD, VOL_CONTENT, VOL_WRITEDATE, MEM_NO) VALUES (11,'자원봉사 모집글11','상시','후원 글내용11',to_date('2021-02-13', 'RRRR-MM-DD'),16);
--행 12
INSERT INTO VOLUNTEER (VOL_NO, VOL_TITLE, SPERIOD, VOL_CONTENT, VOL_WRITEDATE, MEM_NO) VALUES (12,'자원봉사 모집글12','상시','후원 글내용12',to_date('2021-02-14', 'RRRR-MM-DD'),17);
--행 13
INSERT INTO VOLUNTEER (VOL_NO, VOL_TITLE, SPERIOD, VOL_CONTENT, VOL_WRITEDATE, MEM_NO) VALUES (13,'자원봉사 모집글13','상시','후원 글내용13',to_date('2021-02-15', 'RRRR-MM-DD'),18);
--행 14
INSERT INTO VOLUNTEER (VOL_NO, VOL_TITLE, SPERIOD, VOL_CONTENT, VOL_WRITEDATE, MEM_NO) VALUES (14,'자원봉사 모집글14','상시','후원 글내용14',to_date('2021-02-16', 'RRRR-MM-DD'),19);
--행 15
INSERT INTO VOLUNTEER (VOL_NO, VOL_TITLE, SPERIOD, VOL_CONTENT, VOL_WRITEDATE, MEM_NO) VALUES (15,'자원봉사 모집글15','상시','후원 글내용15',to_date('2021-02-17', 'RRRR-MM-DD'),20);
--행 16
INSERT INTO VOLUNTEER (VOL_NO, VOL_TITLE, SPERIOD, VOL_CONTENT, VOL_WRITEDATE, MEM_NO) VALUES (16,'자원봉사 모집글16','상시','후원 글내용16',to_date('2021-02-18', 'RRRR-MM-DD'),21);
--행 17
INSERT INTO VOLUNTEER (VOL_NO, VOL_TITLE, SPERIOD, VOL_CONTENT, VOL_WRITEDATE, MEM_NO) VALUES (17,'자원봉사 모집글17','2021-03-01 ~ 2021-03-08','후원 글내용17',to_date('2021-02-19', 'RRRR-MM-DD'),22);
--행 18
INSERT INTO VOLUNTEER (VOL_NO, VOL_TITLE, SPERIOD, VOL_CONTENT, VOL_WRITEDATE, MEM_NO) VALUES (18,'자원봉사 모집글18','2021-03-01 ~ 2021-03-09','후원 글내용18',to_date('2021-02-20', 'RRRR-MM-DD'),23);
--행 19
INSERT INTO VOLUNTEER (VOL_NO, VOL_TITLE, SPERIOD, VOL_CONTENT, VOL_WRITEDATE, MEM_NO) VALUES (19,'자원봉사 모집글19','2021-03-01 ~ 2021-03-10','후원 글내용19',to_date('2021-02-21', 'RRRR-MM-DD'),24);
--행 20
INSERT INTO VOLUNTEER (VOL_NO, VOL_TITLE, SPERIOD, VOL_CONTENT, VOL_WRITEDATE, MEM_NO) VALUES (20,'자원봉사 모집글20','2021-03-01 ~ 2021-03-11','후원 글내용20',to_date('2021-02-22', 'RRRR-MM-DD'),25);
--행 21
INSERT INTO VOLUNTEER (VOL_NO, VOL_TITLE, SPERIOD, VOL_CONTENT, VOL_WRITEDATE, MEM_NO) VALUES (21,'자원봉사 모집글21','2021-03-01 ~ 2021-03-12','후원 글내용21',to_date('2021-02-23', 'RRRR-MM-DD'),16);
--행 22
INSERT INTO VOLUNTEER (VOL_NO, VOL_TITLE, SPERIOD, VOL_CONTENT, VOL_WRITEDATE, MEM_NO) VALUES (22,'자원봉사 모집글22','2021-03-01 ~ 2021-03-13','후원 글내용22',to_date('2021-02-24', 'RRRR-MM-DD'),17);
--행 23
INSERT INTO VOLUNTEER (VOL_NO, VOL_TITLE, SPERIOD, VOL_CONTENT, VOL_WRITEDATE, MEM_NO) VALUES (23,'자원봉사 모집글23','2021-03-01 ~ 2021-03-14','후원 글내용23',to_date('2021-02-25', 'RRRR-MM-DD'),18);
--행 24
INSERT INTO VOLUNTEER (VOL_NO, VOL_TITLE, SPERIOD, VOL_CONTENT, VOL_WRITEDATE, MEM_NO) VALUES (24,'자원봉사 모집글24','2021-03-01 ~ 2021-03-15','후원 글내용24',to_date('2021-02-26', 'RRRR-MM-DD'),19);
--행 25
INSERT INTO VOLUNTEER (VOL_NO, VOL_TITLE, SPERIOD, VOL_CONTENT, VOL_WRITEDATE, MEM_NO) VALUES (25,'자원봉사 모집글25','2021-03-01 ~ 2021-03-16','후원 글내용25',to_date('2021-02-27', 'RRRR-MM-DD'),20);
--행 26
INSERT INTO VOLUNTEER (VOL_NO, VOL_TITLE, SPERIOD, VOL_CONTENT, VOL_WRITEDATE, MEM_NO) VALUES (26,'자원봉사 모집글26','2021-03-01 ~ 2021-03-17','후원 글내용26',to_date('2021-02-28', 'RRRR-MM-DD'),21);
--행 27
INSERT INTO VOLUNTEER (VOL_NO, VOL_TITLE, SPERIOD, VOL_CONTENT, VOL_WRITEDATE, MEM_NO) VALUES (27,'자원봉사 모집글27','2021-03-01 ~ 2021-03-18','후원 글내용27',to_date('2021-03-01', 'RRRR-MM-DD'),22);
--행 28
INSERT INTO VOLUNTEER (VOL_NO, VOL_TITLE, SPERIOD, VOL_CONTENT, VOL_WRITEDATE, MEM_NO) VALUES (28,'자원봉사 모집글28','상시','후원 글내용28',to_date('2021-03-02', 'RRRR-MM-DD'),23);
--행 29
INSERT INTO VOLUNTEER (VOL_NO, VOL_TITLE, SPERIOD, VOL_CONTENT, VOL_WRITEDATE, MEM_NO) VALUES (29,'자원봉사 모집글29','상시','후원 글내용29',to_date('2021-03-03', 'RRRR-MM-DD'),24);
--행 30
INSERT INTO VOLUNTEER (VOL_NO, VOL_TITLE, SPERIOD, VOL_CONTENT, VOL_WRITEDATE, MEM_NO) VALUES (30,'자원봉사 모집글30','상시','후원 글내용30',to_date('2021-03-04', 'RRRR-MM-DD'),25);

--adopt
--행 1
INSERT INTO ADOPT (ADOPT_NO, ADOPT_WRITER, MEM_NO, ADOPT_TITLE, ADOPT_CONTENT, ADOPT_DATE, COUNT, REF_TYPE) VALUES (1,4,16,'강아지 입양후기','안녕하세요 저는 이번에 도그 보호소에서 ~',to_date('2021-05-20', 'RRRR-MM-DD'),3,'ADOPT');
--행 2
INSERT INTO ADOPT (ADOPT_NO, ADOPT_WRITER, MEM_NO, ADOPT_TITLE, ADOPT_CONTENT, ADOPT_DATE, COUNT, REF_TYPE) VALUES (2,5,17,'고양이 입양후기','고양이를 입양했어요!',to_date('2021-05-21', 'RRRR-MM-DD'),15,'ADOPT');
--행 3
INSERT INTO ADOPT (ADOPT_NO, ADOPT_WRITER, MEM_NO, ADOPT_TITLE, ADOPT_CONTENT, ADOPT_DATE, COUNT, REF_TYPE) VALUES (3,6,18,'먼치킨 입양후기','귀여운 먼치킨 입양을 했어요',to_date('2021-05-22', 'RRRR-MM-DD'),43,'ADOPT');
--행 4
INSERT INTO ADOPT (ADOPT_NO, ADOPT_WRITER, MEM_NO, ADOPT_TITLE, ADOPT_CONTENT, ADOPT_DATE, COUNT, REF_TYPE) VALUES (4,7,19,'말티즈 입양후기','역시 말티쥬는 애교가 많네요',to_date('2021-05-23', 'RRRR-MM-DD'),54,'ADOPT');
--행 5
INSERT INTO ADOPT (ADOPT_NO, ADOPT_WRITER, MEM_NO, ADOPT_TITLE, ADOPT_CONTENT, ADOPT_DATE, COUNT, REF_TYPE) VALUES (5,8,20,'시바견 입양후기','시크한 매력을 가진 아이에요',to_date('2021-05-24', 'RRRR-MM-DD'),34,'ADOPT');
--행 6
INSERT INTO ADOPT (ADOPT_NO, ADOPT_WRITER, MEM_NO, ADOPT_TITLE, ADOPT_CONTENT, ADOPT_DATE, COUNT, REF_TYPE) VALUES (6,9,21,'비숑 입양후기','말도 잘 듣고 너무 예쁘네요',to_date('2021-05-25', 'RRRR-MM-DD'),56,'ADOPT');
--행 7
INSERT INTO ADOPT (ADOPT_NO, ADOPT_WRITER, MEM_NO, ADOPT_TITLE, ADOPT_CONTENT, ADOPT_DATE, COUNT, REF_TYPE) VALUES (7,10,22,'푸들 입양후기','역시 푸들은 똑똑해요',to_date('2021-05-26', 'RRRR-MM-DD'),45,'ADOPT');
--행 8
INSERT INTO ADOPT (ADOPT_NO, ADOPT_WRITER, MEM_NO, ADOPT_TITLE, ADOPT_CONTENT, ADOPT_DATE, COUNT, REF_TYPE) VALUES (8,4,23,'포메라니안 입양후기','귀여운 포메를 입양했어요',to_date('2021-05-27', 'RRRR-MM-DD'),3,'ADOPT');
--행 9
INSERT INTO ADOPT (ADOPT_NO, ADOPT_WRITER, MEM_NO, ADOPT_TITLE, ADOPT_CONTENT, ADOPT_DATE, COUNT, REF_TYPE) VALUES (9,11,24,'치와와 입양후기','우리 아가 너무 예쁘죠?',to_date('2021-05-28', 'RRRR-MM-DD'),4,'ADOPT');
--행 10
INSERT INTO ADOPT (ADOPT_NO, ADOPT_WRITER, MEM_NO, ADOPT_TITLE, ADOPT_CONTENT, ADOPT_DATE, COUNT, REF_TYPE) VALUES (10,12,25,'페르시안 입양후기','고양이는 역시 페르시안인 것 같아요',to_date('2021-05-29', 'RRRR-MM-DD'),6,'ADOPT');
--행 11
INSERT INTO ADOPT (ADOPT_NO, ADOPT_WRITER, MEM_NO, ADOPT_TITLE, ADOPT_CONTENT, ADOPT_DATE, COUNT, REF_TYPE) VALUES (11,13,16,'샴 고양이 입양후기','너무 순해서 멍냥이 같아요',to_date('2021-05-30', 'RRRR-MM-DD'),23,'ADOPT');
--행 12
INSERT INTO ADOPT (ADOPT_NO, ADOPT_WRITER, MEM_NO, ADOPT_TITLE, ADOPT_CONTENT, ADOPT_DATE, COUNT, REF_TYPE) VALUES (12,14,16,'스코티쉬 폴드 입양후기','세련된 우리 아가 행복하자',to_date('2021-05-31', 'RRRR-MM-DD'),43,'ADOPT');
--행 13
INSERT INTO ADOPT (ADOPT_NO, ADOPT_WRITER, MEM_NO, ADOPT_TITLE, ADOPT_CONTENT, ADOPT_DATE, COUNT, REF_TYPE) VALUES (13,15,17,'말티즈 입양후기','입양후기에용',to_date('2021-06-01', 'RRRR-MM-DD'),53,'ADOPT');
--행 14
INSERT INTO ADOPT (ADOPT_NO, ADOPT_WRITER, MEM_NO, ADOPT_TITLE, ADOPT_CONTENT, ADOPT_DATE, COUNT, REF_TYPE) VALUES (14,5,18,'숏헤어 입양후기','아가를 위해 캣타워도 샀어요',to_date('2021-06-02', 'RRRR-MM-DD'),26,'ADOPT');
--행 15
INSERT INTO ADOPT (ADOPT_NO, ADOPT_WRITER, MEM_NO, ADOPT_TITLE, ADOPT_CONTENT, ADOPT_DATE, COUNT, REF_TYPE) VALUES (15,5,19,'렉돌 입양후기','원래 있던 아이들과도 잘 어울리는 것...',to_date('2021-06-03', 'RRRR-MM-DD'),23,'ADOPT');
--행 16
INSERT INTO ADOPT (ADOPT_NO, ADOPT_WRITER, MEM_NO, ADOPT_TITLE, ADOPT_CONTENT, ADOPT_DATE, COUNT, REF_TYPE) VALUES (16,5,20,'먼치킨 입양후기','털 관리만 잘해줘도 이렇게 예쁜데',to_date('2021-06-04', 'RRRR-MM-DD'),18,'ADOPT');
--행 17
INSERT INTO ADOPT (ADOPT_NO, ADOPT_WRITER, MEM_NO, ADOPT_TITLE, ADOPT_CONTENT, ADOPT_DATE, COUNT, REF_TYPE) VALUES (17,8,21,'포메 입양후기','사랑둥이가 들어와서 너무 행복해요',to_date('2021-06-05', 'RRRR-MM-DD'),5,'ADOPT');
--행 18
INSERT INTO ADOPT (ADOPT_NO, ADOPT_WRITER, MEM_NO, ADOPT_TITLE, ADOPT_CONTENT, ADOPT_DATE, COUNT, REF_TYPE) VALUES (18,10,22,'비숑 입양후기','비숑은 최고인 것 같아요',to_date('2021-06-06', 'RRRR-MM-DD'),2,'ADOPT');
--행 19
INSERT INTO ADOPT (ADOPT_NO, ADOPT_WRITER, MEM_NO, ADOPT_TITLE, ADOPT_CONTENT, ADOPT_DATE, COUNT, REF_TYPE) VALUES (19,7,23,'말티즈 입양후기','가족들이 요즘 우유덕분에...',to_date('2021-06-07', 'RRRR-MM-DD'),3,'ADOPT');
--행 20
INSERT INTO ADOPT (ADOPT_NO, ADOPT_WRITER, MEM_NO, ADOPT_TITLE, ADOPT_CONTENT, ADOPT_DATE, COUNT, REF_TYPE) VALUES (20,14,24,'페르시안 입양후기','저희 고양이 너무 예쁘죠?',to_date('2021-06-08', 'RRRR-MM-DD'),19,'ADOPT');


--bookmark
--행 1
INSERT INTO BOOKMARK (MEM_NO, BINFO_NO, MARK_DATE) VALUES (4,1,to_date('02/02/2021', 'MM/DD/RRRR'));
--행 2
INSERT INTO BOOKMARK (MEM_NO, BINFO_NO, MARK_DATE) VALUES (5,2,to_date('02/03/2021', 'MM/DD/RRRR'));
--행 3
INSERT INTO BOOKMARK (MEM_NO, BINFO_NO, MARK_DATE) VALUES (6,3,to_date('02/04/2021', 'MM/DD/RRRR'));
--행 4
INSERT INTO BOOKMARK (MEM_NO, BINFO_NO, MARK_DATE) VALUES (7,4,to_date('02/05/2021', 'MM/DD/RRRR'));
--행 5
INSERT INTO BOOKMARK (MEM_NO, BINFO_NO, MARK_DATE) VALUES (8,5,to_date('02/06/2021', 'MM/DD/RRRR'));
--행 6
INSERT INTO BOOKMARK (MEM_NO, BINFO_NO, MARK_DATE) VALUES (9,6,to_date('02/07/2021', 'MM/DD/RRRR'));
--행 7
INSERT INTO BOOKMARK (MEM_NO, BINFO_NO, MARK_DATE) VALUES (10,7,to_date('02/08/2021', 'MM/DD/RRRR'));
--행 8
INSERT INTO BOOKMARK (MEM_NO, BINFO_NO, MARK_DATE) VALUES (11,8,to_date('02/09/2021', 'MM/DD/RRRR'));
--행 9
INSERT INTO BOOKMARK (MEM_NO, BINFO_NO, MARK_DATE) VALUES (12,9,to_date('02/10/2021', 'MM/DD/RRRR'));
--행 10
INSERT INTO BOOKMARK (MEM_NO, BINFO_NO, MARK_DATE) VALUES (13,10,to_date('02/11/2021', 'MM/DD/RRRR'));
--행 11
INSERT INTO BOOKMARK (MEM_NO, BINFO_NO, MARK_DATE) VALUES (14,11,to_date('02/12/2021', 'MM/DD/RRRR'));
--행 12
INSERT INTO BOOKMARK (MEM_NO, BINFO_NO, MARK_DATE) VALUES (15,12,to_date('02/13/2021', 'MM/DD/RRRR'));
--행 13
INSERT INTO BOOKMARK (MEM_NO, BINFO_NO, MARK_DATE) VALUES (8,13,to_date('02/14/2021', 'MM/DD/RRRR'));
--행 14
INSERT INTO BOOKMARK (MEM_NO, BINFO_NO, MARK_DATE) VALUES (9,14,to_date('02/15/2021', 'MM/DD/RRRR'));
--행 15
INSERT INTO BOOKMARK (MEM_NO, BINFO_NO, MARK_DATE) VALUES (10,15,to_date('02/16/2021', 'MM/DD/RRRR'));
--행 16
INSERT INTO BOOKMARK (MEM_NO, BINFO_NO, MARK_DATE) VALUES (11,16,to_date('02/17/2021', 'MM/DD/RRRR'));
--행 17
INSERT INTO BOOKMARK (MEM_NO, BINFO_NO, MARK_DATE) VALUES (12,17,to_date('02/18/2021', 'MM/DD/RRRR'));
--행 18
INSERT INTO BOOKMARK (MEM_NO, BINFO_NO, MARK_DATE) VALUES (13,18,to_date('02/19/2021', 'MM/DD/RRRR'));
--행 19
INSERT INTO BOOKMARK (MEM_NO, BINFO_NO, MARK_DATE) VALUES (14,19,to_date('02/20/2021', 'MM/DD/RRRR'));
--행 20
INSERT INTO BOOKMARK (MEM_NO, BINFO_NO, MARK_DATE) VALUES (15,20,to_date('02/21/2021', 'MM/DD/RRRR'));
--행 21
INSERT INTO BOOKMARK (MEM_NO, BINFO_NO, MARK_DATE) VALUES (16,21,to_date('02/22/2021', 'MM/DD/RRRR'));
--행 22
INSERT INTO BOOKMARK (MEM_NO, BINFO_NO, MARK_DATE) VALUES (4,22,to_date('02/23/2021', 'MM/DD/RRRR'));
--행 23
INSERT INTO BOOKMARK (MEM_NO, BINFO_NO, MARK_DATE) VALUES (5,23,to_date('02/24/2021', 'MM/DD/RRRR'));
--행 24
INSERT INTO BOOKMARK (MEM_NO, BINFO_NO, MARK_DATE) VALUES (6,24,to_date('02/25/2021', 'MM/DD/RRRR'));
--행 25
INSERT INTO BOOKMARK (MEM_NO, BINFO_NO, MARK_DATE) VALUES (7,25,to_date('02/26/2021', 'MM/DD/RRRR'));
--행 26
INSERT INTO BOOKMARK (MEM_NO, BINFO_NO, MARK_DATE) VALUES (8,26,to_date('02/27/2021', 'MM/DD/RRRR'));
--행 27
INSERT INTO BOOKMARK (MEM_NO, BINFO_NO, MARK_DATE) VALUES (9,27,to_date('02/28/2021', 'MM/DD/RRRR'));
--행 28
INSERT INTO BOOKMARK (MEM_NO, BINFO_NO, MARK_DATE) VALUES (10,28,to_date('03/01/2021', 'MM/DD/RRRR'));
--행 29
INSERT INTO BOOKMARK (MEM_NO, BINFO_NO, MARK_DATE) VALUES (11,29,to_date('03/02/2021', 'MM/DD/RRRR'));



--customer
--행 1
INSERT INTO CUSTOMER (QUE_NO, QUE_ID, QUE_TITLE, QUE_CONTENT, QUE_DATE, ANS_CONTENT, ANS_DATE) VALUES (1,4,'문의 글제목1','문의 글내용1',to_date('2021-03-01', 'RRRR-MM-DD'),NULL,NULL);
--행 2
INSERT INTO CUSTOMER (QUE_NO, QUE_ID, QUE_TITLE, QUE_CONTENT, QUE_DATE, ANS_CONTENT, ANS_DATE) VALUES (2,5,'문의 글제목2','문의 글내용2',to_date('2021-03-02', 'RRRR-MM-DD'),NULL,NULL);
--행 3
INSERT INTO CUSTOMER (QUE_NO, QUE_ID, QUE_TITLE, QUE_CONTENT, QUE_DATE, ANS_CONTENT, ANS_DATE) VALUES (3,6,'문의 글제목3','문의 글내용3',to_date('2021-03-03', 'RRRR-MM-DD'),NULL,NULL);
--행 4
INSERT INTO CUSTOMER (QUE_NO, QUE_ID, QUE_TITLE, QUE_CONTENT, QUE_DATE, ANS_CONTENT, ANS_DATE) VALUES (4,7,'문의 글제목4','문의 글내용4',to_date('2021-03-04', 'RRRR-MM-DD'),NULL,NULL);
--행 5
INSERT INTO CUSTOMER (QUE_NO, QUE_ID, QUE_TITLE, QUE_CONTENT, QUE_DATE, ANS_CONTENT, ANS_DATE) VALUES (5,8,'문의 글제목5','문의 글내용5',to_date('2021-03-05', 'RRRR-MM-DD'),NULL,NULL);
--행 6
INSERT INTO CUSTOMER (QUE_NO, QUE_ID, QUE_TITLE, QUE_CONTENT, QUE_DATE, ANS_CONTENT, ANS_DATE) VALUES (6,9,'문의 글제목6','문의 글내용6',to_date('2021-03-06', 'RRRR-MM-DD'),NULL,NULL);
--행 7
INSERT INTO CUSTOMER (QUE_NO, QUE_ID, QUE_TITLE, QUE_CONTENT, QUE_DATE, ANS_CONTENT, ANS_DATE) VALUES (7,10,'문의 글제목7','문의 글내용7',to_date('2021-03-07', 'RRRR-MM-DD'),NULL,NULL);
--행 8
INSERT INTO CUSTOMER (QUE_NO, QUE_ID, QUE_TITLE, QUE_CONTENT, QUE_DATE, ANS_CONTENT, ANS_DATE) VALUES (8,11,'문의 글제목8','문의 글내용8',to_date('2021-03-08', 'RRRR-MM-DD'),NULL,NULL);
--행 9
INSERT INTO CUSTOMER (QUE_NO, QUE_ID, QUE_TITLE, QUE_CONTENT, QUE_DATE, ANS_CONTENT, ANS_DATE) VALUES (9,12,'문의 글제목9','문의 글내용9',to_date('2021-03-09', 'RRRR-MM-DD'),NULL,NULL);
--행 10
INSERT INTO CUSTOMER (QUE_NO, QUE_ID, QUE_TITLE, QUE_CONTENT, QUE_DATE, ANS_CONTENT, ANS_DATE) VALUES (10,13,'문의 글제목10','문의 글내용10',to_date('2021-03-10', 'RRRR-MM-DD'),NULL,NULL);
--행 11
INSERT INTO CUSTOMER (QUE_NO, QUE_ID, QUE_TITLE, QUE_CONTENT, QUE_DATE, ANS_CONTENT, ANS_DATE) VALUES (11,14,'문의 글제목11','문의 글내용11',to_date('2021-03-11', 'RRRR-MM-DD'),NULL,NULL);
--행 12
INSERT INTO CUSTOMER (QUE_NO, QUE_ID, QUE_TITLE, QUE_CONTENT, QUE_DATE, ANS_CONTENT, ANS_DATE) VALUES (12,15,'문의 글제목12','문의 글내용12',to_date('2021-03-12', 'RRRR-MM-DD'),NULL,NULL);
--행 13
INSERT INTO CUSTOMER (QUE_NO, QUE_ID, QUE_TITLE, QUE_CONTENT, QUE_DATE, ANS_CONTENT, ANS_DATE) VALUES (13,4,'문의 글제목13','문의 글내용13',to_date('2021-03-13', 'RRRR-MM-DD'),NULL,NULL);
--행 14
INSERT INTO CUSTOMER (QUE_NO, QUE_ID, QUE_TITLE, QUE_CONTENT, QUE_DATE, ANS_CONTENT, ANS_DATE) VALUES (14,5,'문의 글제목14','문의 글내용14',to_date('2021-03-14', 'RRRR-MM-DD'),NULL,NULL);
--행 15
INSERT INTO CUSTOMER (QUE_NO, QUE_ID, QUE_TITLE, QUE_CONTENT, QUE_DATE, ANS_CONTENT, ANS_DATE) VALUES (15,6,'문의 글제목15','문의 글내용15',to_date('2021-03-15', 'RRRR-MM-DD'),NULL,NULL);
--행 16
INSERT INTO CUSTOMER (QUE_NO, QUE_ID, QUE_TITLE, QUE_CONTENT, QUE_DATE, ANS_CONTENT, ANS_DATE) VALUES (16,7,'문의 글제목16','문의 글내용16',to_date('2021-03-16', 'RRRR-MM-DD'),NULL,NULL);
--행 17
INSERT INTO CUSTOMER (QUE_NO, QUE_ID, QUE_TITLE, QUE_CONTENT, QUE_DATE, ANS_CONTENT, ANS_DATE) VALUES (17,8,'문의 글제목17','문의 글내용17',to_date('2021-03-17', 'RRRR-MM-DD'),NULL,NULL);
--행 18
INSERT INTO CUSTOMER (QUE_NO, QUE_ID, QUE_TITLE, QUE_CONTENT, QUE_DATE, ANS_CONTENT, ANS_DATE) VALUES (18,9,'문의 글제목18','문의 글내용18',to_date('2021-03-18', 'RRRR-MM-DD'),NULL,NULL);
--행 19
INSERT INTO CUSTOMER (QUE_NO, QUE_ID, QUE_TITLE, QUE_CONTENT, QUE_DATE, ANS_CONTENT, ANS_DATE) VALUES (19,10,'문의 글제목19','문의 글내용19',to_date('2021-03-19', 'RRRR-MM-DD'),NULL,NULL);
--행 20
INSERT INTO CUSTOMER (QUE_NO, QUE_ID, QUE_TITLE, QUE_CONTENT, QUE_DATE, ANS_CONTENT, ANS_DATE) VALUES (20,11,'문의 글제목20','문의 글내용20',to_date('2021-03-20', 'RRRR-MM-DD'),NULL,NULL);
--행 21
INSERT INTO CUSTOMER (QUE_NO, QUE_ID, QUE_TITLE, QUE_CONTENT, QUE_DATE, ANS_CONTENT, ANS_DATE) VALUES (21,12,'문의 글제목21','문의 글내용21',to_date('2021-03-21', 'RRRR-MM-DD'),NULL,NULL);
--행 22
INSERT INTO CUSTOMER (QUE_NO, QUE_ID, QUE_TITLE, QUE_CONTENT, QUE_DATE, ANS_CONTENT, ANS_DATE) VALUES (22,13,'문의 글제목22','문의 글내용22',to_date('2021-03-22', 'RRRR-MM-DD'),NULL,NULL);
--행 23
INSERT INTO CUSTOMER (QUE_NO, QUE_ID, QUE_TITLE, QUE_CONTENT, QUE_DATE, ANS_CONTENT, ANS_DATE) VALUES (23,14,'문의 글제목23','문의 글내용23',to_date('2021-03-23', 'RRRR-MM-DD'),NULL,NULL);
--행 24
INSERT INTO CUSTOMER (QUE_NO, QUE_ID, QUE_TITLE, QUE_CONTENT, QUE_DATE, ANS_CONTENT, ANS_DATE) VALUES (24,15,'문의 글제목24','문의 글내용24',to_date('2021-03-24', 'RRRR-MM-DD'),NULL,NULL);
--행 25
INSERT INTO CUSTOMER (QUE_NO, QUE_ID, QUE_TITLE, QUE_CONTENT, QUE_DATE, ANS_CONTENT, ANS_DATE) VALUES (25,4,'문의 글제목25','문의 글내용25',to_date('2021-03-25', 'RRRR-MM-DD'),NULL,NULL);
--행 26
INSERT INTO CUSTOMER (QUE_NO, QUE_ID, QUE_TITLE, QUE_CONTENT, QUE_DATE, ANS_CONTENT, ANS_DATE) VALUES (26,5,'문의 글제목26','문의 글내용26',to_date('2021-03-26', 'RRRR-MM-DD'),NULL,NULL);
--행 27
INSERT INTO CUSTOMER (QUE_NO, QUE_ID, QUE_TITLE, QUE_CONTENT, QUE_DATE, ANS_CONTENT, ANS_DATE) VALUES (27,6,'문의 글제목27','문의 글내용27',to_date('2021-03-27', 'RRRR-MM-DD'),NULL,NULL);
--행 28
INSERT INTO CUSTOMER (QUE_NO, QUE_ID, QUE_TITLE, QUE_CONTENT, QUE_DATE, ANS_CONTENT, ANS_DATE) VALUES (28,7,'문의 글제목28','문의 글내용28',to_date('2021-03-28', 'RRRR-MM-DD'),NULL,NULL);
--행 29
INSERT INTO CUSTOMER (QUE_NO, QUE_ID, QUE_TITLE, QUE_CONTENT, QUE_DATE, ANS_CONTENT, ANS_DATE) VALUES (29,8,'문의 글제목29','문의 글내용29',to_date('2021-03-29', 'RRRR-MM-DD'),NULL,NULL);
--행 30
INSERT INTO CUSTOMER (QUE_NO, QUE_ID, QUE_TITLE, QUE_CONTENT, QUE_DATE, ANS_CONTENT, ANS_DATE) VALUES (30,9,'문의 글제목30','문의 글내용30',to_date('2021-03-30', 'RRRR-MM-DD'),NULL,NULL);


--report
--행 1
INSERT INTO REPORT (REPORT_UNIQUE, MEM_NO, REF_TYPE, REF_NO, REPORT_NO, REPORT_DATE) VALUES (1,4,'POST',4,1,to_date('2021-04-11', 'RRRR-MM-DD'));
--행 2
INSERT INTO REPORT (REPORT_UNIQUE, MEM_NO, REF_TYPE, REF_NO, REPORT_NO, REPORT_DATE) VALUES (2,6,'POST',5,2,to_date('2021-04-13', 'RRRR-MM-DD'));
--행 3
INSERT INTO REPORT (REPORT_UNIQUE, MEM_NO, REF_TYPE, REF_NO, REPORT_NO, REPORT_DATE) VALUES (3,4,'POST',6,3,to_date('2021-04-15', 'RRRR-MM-DD'));
--행 4
INSERT INTO REPORT (REPORT_UNIQUE, MEM_NO, REF_TYPE, REF_NO, REPORT_NO, REPORT_DATE) VALUES (4,7,'ANIMAL',7,1,to_date('2021-04-17', 'RRRR-MM-DD'));
--행 5
INSERT INTO REPORT (REPORT_UNIQUE, MEM_NO, REF_TYPE, REF_NO, REPORT_NO, REPORT_DATE) VALUES (5,5,'DONATION',8,2,to_date('2021-04-19', 'RRRR-MM-DD'));
--행 6
INSERT INTO REPORT (REPORT_UNIQUE, MEM_NO, REF_TYPE, REF_NO, REPORT_NO, REPORT_DATE) VALUES (6,7,'DONATION',9,3,to_date('2021-04-21', 'RRRR-MM-DD'));
--행 7
INSERT INTO REPORT (REPORT_UNIQUE, MEM_NO, REF_TYPE, REF_NO, REPORT_NO, REPORT_DATE) VALUES (7,8,'POST',10,1,to_date('2021-04-23', 'RRRR-MM-DD'));
--행 8
INSERT INTO REPORT (REPORT_UNIQUE, MEM_NO, REF_TYPE, REF_NO, REPORT_NO, REPORT_DATE) VALUES (8,7,'DONATION',11,2,to_date('2021-04-25', 'RRRR-MM-DD'));
--행 9
INSERT INTO REPORT (REPORT_UNIQUE, MEM_NO, REF_TYPE, REF_NO, REPORT_NO, REPORT_DATE) VALUES (9,6,'POST',12,3,to_date('2021-04-27', 'RRRR-MM-DD'));
--행 10
INSERT INTO REPORT (REPORT_UNIQUE, MEM_NO, REF_TYPE, REF_NO, REPORT_NO, REPORT_DATE) VALUES (10,3,'DONATION',13,1,to_date('2021-04-29', 'RRRR-MM-DD'));
--행 11
INSERT INTO REPORT (REPORT_UNIQUE, MEM_NO, REF_TYPE, REF_NO, REPORT_NO, REPORT_DATE) VALUES (11,2,'POST',14,1,to_date('2021-05-01', 'RRRR-MM-DD'));
--행 12
INSERT INTO REPORT (REPORT_UNIQUE, MEM_NO, REF_TYPE, REF_NO, REPORT_NO, REPORT_DATE) VALUES (12,10,'DONATION',15,2,to_date('2021-05-03', 'RRRR-MM-DD'));
--행 13
INSERT INTO REPORT (REPORT_UNIQUE, MEM_NO, REF_TYPE, REF_NO, REPORT_NO, REPORT_DATE) VALUES (13,5,'POST',4,3,to_date('2021-05-05', 'RRRR-MM-DD'));
--행 14
INSERT INTO REPORT (REPORT_UNIQUE, MEM_NO, REF_TYPE, REF_NO, REPORT_NO, REPORT_DATE) VALUES (14,4,'VOLUNTEER',5,1,to_date('2021-05-07', 'RRRR-MM-DD'));
--행 15
INSERT INTO REPORT (REPORT_UNIQUE, MEM_NO, REF_TYPE, REF_NO, REPORT_NO, REPORT_DATE) VALUES (15,9,'POST',6,2,to_date('2021-05-09', 'RRRR-MM-DD'));
--행 16
INSERT INTO REPORT (REPORT_UNIQUE, MEM_NO, REF_TYPE, REF_NO, REPORT_NO, REPORT_DATE) VALUES (16,11,'VOLUNTEER',7,3,to_date('2021-05-11', 'RRRR-MM-DD'));
--행 17
INSERT INTO REPORT (REPORT_UNIQUE, MEM_NO, REF_TYPE, REF_NO, REPORT_NO, REPORT_DATE) VALUES (17,12,'ANIMAL',8,1,to_date('2021-05-13', 'RRRR-MM-DD'));
--행 18
INSERT INTO REPORT (REPORT_UNIQUE, MEM_NO, REF_TYPE, REF_NO, REPORT_NO, REPORT_DATE) VALUES (18,13,'ANIMAL',9,2,to_date('2021-05-15', 'RRRR-MM-DD'));
--행 19
INSERT INTO REPORT (REPORT_UNIQUE, MEM_NO, REF_TYPE, REF_NO, REPORT_NO, REPORT_DATE) VALUES (19,9,'VOLUNTEER',10,3,to_date('2021-05-17', 'RRRR-MM-DD'));
--행 20
INSERT INTO REPORT (REPORT_UNIQUE, MEM_NO, REF_TYPE, REF_NO, REPORT_NO, REPORT_DATE) VALUES (20,8,'ANIMAL',11,1,to_date('2021-05-17', 'RRRR-MM-DD'));
--행 21
INSERT INTO REPORT (REPORT_UNIQUE, MEM_NO, REF_TYPE, REF_NO, REPORT_NO, REPORT_DATE) VALUES (21,6,'ANIMAL',12,2,to_date('2021-05-17', 'RRRR-MM-DD'));
--행 22
INSERT INTO REPORT (REPORT_UNIQUE, MEM_NO, REF_TYPE, REF_NO, REPORT_NO, REPORT_DATE) VALUES (22,10,'POST',13,3,to_date('2021-05-18', 'RRRR-MM-DD'));
--행 23
INSERT INTO REPORT (REPORT_UNIQUE, MEM_NO, REF_TYPE, REF_NO, REPORT_NO, REPORT_DATE) VALUES (23,8,'POST',14,1,to_date('2021-05-18', 'RRRR-MM-DD'));

INSERT
        INTO ATTACHMENT
        (
          FILE_NO
        , REF_NO
        , REF_TYPE
        , ORIGIN_NAME
        , CHANGE_NAME
        , FILE_PATH
        )
        VALUES
        (
          SEQ_FNO.NEXTVAL
        , 1
        , 'MAINPAGE'
        , '1234.jpg'
        , '123.jpg'
        ,'resources/board_upfiles'
       
        );

UPDATE REPORT_REASON


commit;